<config xmlns:xsi="http://www.w3.org/2001/XMLSchema-instance" xsi:noNamespaceSchemaLocation="urn:magento:framework:ObjectManager/etc/config.xsd">
    <type name="Mirasvit\Core\Block\Adminhtml\Menu">
        <arguments>
            <argument name="menu" xsi:type="array">
                <item name="rma" xsi:type="object">Mirasvit\Rma\Block\Adminhtml\Menu</item>
            </argument>
        </arguments>
    </type>

    <!-- Address XML Grid Config -->
    <virtualType name="RMAIdFilterPool" type="Magento\Framework\View\Element\UiComponent\DataProvider\FilterPool">
        <arguments>
            <argument name="appliers" xsi:type="array">
                <item name="regular" xsi:type="object">Magento\Framework\View\Element\UiComponent\DataProvider\RegularFilter</item>
                <item name="fulltext" xsi:type="object">Magento\Framework\View\Element\UiComponent\DataProvider\FulltextFilter</item>
            </argument>
        </arguments>
    </virtualType>

    <virtualType name="AddressGridDataProvider" type="Magento\Framework\View\Element\UiComponent\DataProvider\DataProvider">
        <arguments>
            <argument name="collection" xsi:type="object" shared="false">Mirasvit\Rma\Model\ResourceModel\Address\Collection</argument>
            <argument name="filterPool" xsi:type="object" shared="false">RMAIdFilterPool</argument>
        </arguments>
    </virtualType>

    <virtualType name="ConditionGridDataProvider" type="Magento\Framework\View\Element\UiComponent\DataProvider\DataProvider">
        <arguments>
            <argument name="collection" xsi:type="object" shared="false">Mirasvit\Rma\Model\ResourceModel\Condition\Collection</argument>
            <argument name="filterPool" xsi:type="object" shared="false">RMAIdFilterPool</argument>
        </arguments>
    </virtualType>

    <virtualType name="ReasonGridDataProvider" type="Magento\Framework\View\Element\UiComponent\DataProvider\DataProvider">
        <arguments>
            <argument name="collection" xsi:type="object" shared="false">Mirasvit\Rma\Model\ResourceModel\Reason\Collection</argument>
            <argument name="filterPool" xsi:type="object" shared="false">RMAIdFilterPool</argument>
        </arguments>
    </virtualType>

    <virtualType name="ResolutionGridDataProvider" type="Magento\Framework\View\Element\UiComponent\DataProvider\DataProvider">
        <arguments>
            <argument name="collection" xsi:type="object" shared="false">Mirasvit\Rma\Model\ResourceModel\Resolution\Collection</argument>
            <argument name="filterPool" xsi:type="object" shared="false">RMAIdFilterPool</argument>
        </arguments>
    </virtualType>

    <virtualType name="StatusGridDataProvider" type="Magento\Framework\View\Element\UiComponent\DataProvider\DataProvider">
        <arguments>
            <argument name="collection" xsi:type="object" shared="false">Mirasvit\Rma\Model\ResourceModel\Status\Collection</argument>
            <argument name="filterPool" xsi:type="object" shared="false">RMAIdFilterPool</argument>
        </arguments>
    </virtualType>

    <virtualType name="QuickResponseGridDataProvider" type="Magento\Framework\View\Element\UiComponent\DataProvider\DataProvider">
        <arguments>
            <argument name="collection" xsi:type="object" shared="false">Mirasvit\Rma\Model\ResourceModel\QuickResponse\Collection</argument>
            <argument name="filterPool" xsi:type="object" shared="false">RMAIdFilterPool</argument>
        </arguments>
    </virtualType>

    <virtualType name="FieldGridDataProvider" type="Magento\Framework\View\Element\UiComponent\DataProvider\DataProvider">
        <arguments>
            <argument name="collection" xsi:type="object" shared="false">Mirasvit\Rma\Model\ResourceModel\Field\Collection</argument>
            <argument name="filterPool" xsi:type="object" shared="false">RMAIdFilterPool</argument>
        </arguments>
    </virtualType>

    <virtualType name="RuleGridDataProvider" type="Magento\Framework\View\Element\UiComponent\DataProvider\DataProvider">
        <arguments>
            <argument name="collection" xsi:type="object" shared="false">Mirasvit\Rma\Model\ResourceModel\Rule\Collection</argument>
            <argument name="filterPool" xsi:type="object" shared="false">RMAIdFilterPool</argument>
        </arguments>
    </virtualType>

    <virtualType name="RmaGridDataProvider" type="Mirasvit\Rma\Model\UI\Rma\RmaGridDataProvider">
        <arguments>
            <argument name="collection" xsi:type="object" shared="false">Mirasvit\Rma\Model\ResourceModel\Rma\Collection</argument>
            <argument name="filterPool" xsi:type="object" shared="false">RMAIdFilterPool</argument>
        </arguments>
    </virtualType>

</config>