<?xml version="1.0" encoding="UTF-8"?>
<config xmlns:xsi="http://www.w3.org/2001/XMLSchema-instance"
        xsi:noNamespaceSchemaLocation="../../../../module-reports/src/Reports/etc/map.xsd">
    <table name="mst_rma_rma">
        <columns>

            <column name="created_at" label="Created At" fields="created_at" type="date"
                    class="Mirasvit\Report\Model\Query\Column\Date\Range"/>

            <column name="day" label="Day" fields="created_at"
                    class="Mirasvit\Report\Model\Query\Column\Date\Day"/>

            <column name="week" label="Week" fields="created_at"
                    class="Mirasvit\Report\Model\Query\Column\Date\Week"/>

            <column name="month" label="Month" fields="created_at"
                    class="Mirasvit\Report\Model\Query\Column\Date\Month"/>

            <column name="quarter" label="Quarter" fields="created_at"
                    class="Mirasvit\Report\Model\Query\Column\Date\Quarter"/>

            <column name="year" label="Year" fields="created_at"
                    class="Mirasvit\Report\Model\Query\Column\Date\Year"/>

            <column name="user_id" label="User #" fields="user_id" type="number"
            />

            <column name="pending_rma_cnt" label="Pending Approval RMAs #" fields="status_id" type="number"
                    expr="SUM(IF(%1 = 1, 1, 0))"
            />
            <column name="approved_rma_cnt" label="Approved RMAs #" fields="status_id" type="number"
                    expr="SUM(IF(%1 = 2, 1, 0))"
            />
            <column name="rejected_rma_cnt" label="Rejected RMAs #" fields="status_id" type="number"
                    expr="SUM(IF(%1 = 3, 1, 0))"
            />
            <column name="sent_rma_cnt" label="Package Sent RMAs #" fields="status_id" type="number"
                    expr="SUM(IF(%1 = 4, 1, 0))"
            />
            <column name="closed_rma_cnt" label="Closed RMAs #" fields="status_id" type="number"
                    expr="SUM(IF(%1 = 5, 1, 0))"
            />
            <column name="total_rma_cnt" label="Total RMAs #" fields="status_id" type="number"
                    expr="COUNT(*)"
            />
        </columns>
    </table>
    <table name="mst_rma_item">
        <columns>

            <column name="created_at" label="Created At" fields="created_at" type="date"
                    class="Mirasvit\Report\Model\Query\Column\Date\Range"/>

            <column name="qty_requested" label="QTY Requested" fields="qty_requested"/>

            <column name="day" label="Day" fields="created_at"
                    class="Mirasvit\Report\Model\Query\Column\Date\Day"/>

            <column name="week" label="Week" fields="created_at"
                    class="Mirasvit\Report\Model\Query\Column\Date\Week"/>

            <column name="month" label="Month" fields="created_at"
                    class="Mirasvit\Report\Model\Query\Column\Date\Month"/>

            <column name="quarter" label="Quarter" fields="created_at"
                    class="Mirasvit\Report\Model\Query\Column\Date\Quarter"/>

            <column name="year" label="Year" fields="created_at"
                    class="Mirasvit\Report\Model\Query\Column\Date\Year"/>

            <column name="total_condition_cnt" label="Total conditions #" fields="condition_id" type="number"
                    expr="SUM(IF(condition_id IS NULL, 0, 1))"
            />

            <column name="total_reasons_cnt" label="Total reasons #" fields="reason_id" type="number"
                    expr="SUM(IF(reason_id IS NULL, 0, 1))"
            />

            <column name="total_resolution_cnt" label="Total resolutions #" fields="resolution_id" type="number"
                    expr="SUM(IF(resolution_id IS NULL, 0, 1))"
            />

            <column name="total_rma_cnt" label="Total RMA #" fields="rma_id" type="number"
                    expr="COUNT(DISTINCT rma_id)"
            />

            <column name="total_items_cnt" label="Total Items #" fields="order_item_id" type="number"
                    expr="SUM(IF(mst_rma_item.qty_requested, 1, 0))"
            />

            <column name="item_qty_requested" label="Total Items Requested #" fields="qty_requested" type="number"
                    expr="SUM(mst_rma_item.qty_requested)"
            />

            <column name="item_qty_returned" label="Total Items Returned #" fields="qty_returned" type="number"
                    expr="SUM(mst_rma_item.qty_returned)"
            />
        </columns>
    </table>
    <table name="sales_order" connection="sales">
        <columns>
            <column name="entity_id" label="Order ID" fields="entity_id" type="number"/>
        </columns>
    </table>
    <table name="sales_order_item" connection="sales">
        <columns>
            <column name="order_id" label="Order ID" fields="order_id"/>
            <column name="product_id" label="Product ID" fields="product_id"/>
            <column name="sku" label="SKU" fields="sku"/>
            <column name="name" label="Name" fields="name"/>
        </columns>
    </table>

    <eavTable name="catalog_product_entity" type="catalog_product" connection="default">
        <columns>
            <column name="entity_id" label="Product ID" fields="entity_id" type="number"/>
            <column name="type_id" label="Product Type" fields="type_id" type="select"
                    options="Mirasvit\Report\Model\Config\Source\ProductType"/>
            <column name="attribute" label="Attribute" fields="entity_id"/>
        </columns>
    </eavTable>

    <relation name="mst_rma_item2sales_order_item">
        <leftTable>mst_rma_item</leftTable>
        <rightTable>sales_order_item</rightTable>
        <condition>%1.order_item_id=%2.item_id</condition>
        <type>11</type>
    </relation>

    <relation name="sales_order2sales_order_item">
        <leftTable>sales_order</leftTable>
        <rightTable>sales_order_item</rightTable>
        <condition>%1.entity_id=%2.order_id</condition>
        <type>1n</type>
    </relation>

    <relation name="sales_order_item2catalog_product_entity">
        <leftTable>sales_order_item</leftTable>
        <rightTable>catalog_product_entity</rightTable>
        <condition>%1.product_id=%2.entity_id</condition>
        <type>n1</type>
    </relation>
</config>