<?xml version="1.0"?>
<config xmlns:xsi="http://www.w3.org/2001/XMLSchema-instance" xsi:noNamespaceSchemaLocation="urn:magento:framework:ObjectManager/etc/config.xsd">

    <preference for="Mirasvit\Core\Api\UrlRewriteHelperInterface" type="Mirasvit\Core\Helper\UrlRewrite" />
    <preference for="Mirasvit\Core\Api\ImageHelperInterface" type="Mirasvit\Core\Helper\Image" />
    <preference for="Mirasvit\Core\Api\CronHelperInterface" type="Mirasvit\Core\Helper\Cron" />
    <preference for="Mirasvit\Core\Api\TextHelperInterface" type="Mirasvit\Core\Helper\Text" />
    <preference for="Mirasvit\Core\Api\ParseVariablesHelperInterface" type="Mirasvit\Core\Helper\ParseVariables" />

    <!--MAIL-->
    <preference for="\Mirasvit\Core\Model\Mail\Template\TransportBuilderInterface"
                type="\Mirasvit\Core\Model\Mail\Template\TransportBuilder" />

    <type name="Magento\Framework\App\FrontController">
        <plugin name="dispatch" type="Mirasvit\Core\Plugin\UrlRewritePlugin" sortOrder="1000"/>
    </type>
</config>
